Name,_Continent,_ISOcountry,_Municipality,AIR_TXT_IATACode__c,AIR_NUM_Latitude__c,AIR_NUM_Longitude__c
Honiara International Airport,OC,SB,Honiara,HIR,-9.428,160.054993
Port Moresby Jacksons International Airport,OC,PG,Port Moresby,POM,-9.443380355834961,147.22000122070312
Keflavik International Airport,EU,IS,Reykjavík,KEF,63.985001,-22.6056
Edmonton International Airport,NA,CA,Edmonton,YEG,53.3097,-113.580002
Halifax / Stanfield International Airport,NA,CA,Halifax,YHZ,44.8807983398,-63.5085983276
Ottawa Macdonald-Cartier International Airport,NA,CA,Ottawa,YOW,45.322498,-75.669197
Quebec Jean Lesage International Airport,NA,CA,Quebec,YQB,46.7911,-71.393303
Montreal / Pierre Elliott Trudeau International Airport,NA,CA,Montréal,YUL,45.4706001282,-73.7407989502
Vancouver International Airport,NA,CA,Vancouver,YVR,49.193901062,-123.183998108
Winnipeg / James Armstrong Richardson International Airport,NA,CA,Winnipeg,YWG,49.909999847399995,-97.2398986816
Prince George Airport,NA,CA,Prince George,YXS,53.884311,-122.666554
Abbotsford International Airport,NA,CA,Abbotsford,YXX,49.025299,-122.361
Calgary International Airport,NA,CA,Calgary,YYC,51.113899231,-114.019996643
Victoria International Airport,NA,CA,Victoria,YYJ,48.6469,-123.426003
St. John's International Airport,NA,CA,St. John's,YYT,47.618599,-52.7519
Toronto Lester B. Pearson International Airport,NA,CA,Toronto,YYZ,43.6772,-79.6306
Houari Boumediene Airport,AF,DZ,Algiers,ALG,36.693886,3.214531
Kotoka International Airport,AF,GH,Accra,ACC,5.605189800262451,-0.16678600013256073
Nnamdi Azikiwe International Airport,AF,NG,Abuja,ABV,9.006790161132812,7.263169765472412
Murtala Muhammed International Airport,AF,NG,Lagos,LOS,6.5773701667785645,3.321160078048706
Diori Hamani International Airport,AF,NE,Niamey,NIM,13.4815,2.18361
Tunis Carthage International Airport,AF,TN,Tunis,TUN,36.851002,10.2272
Brussels Airport,EU,BE,Zaventem,BRU,50.901402,4.48444
Berlin Brandenburg Airport,EU,DE,Berlin,BER,52.362247,13.500672
Frankfurt Airport,EU,DE,Frankfurt am Main,FRA,50.036521,8.561268
Hamburg Helmut Schmidt Airport,EU,DE,Hamburg,HAM,53.630402,9.98823
Cologne Bonn Airport,EU,DE,Köln (Cologne),CGN,50.865898,7.14274
Düsseldorf Airport,EU,DE,Düsseldorf,DUS,51.289501,6.76678
Munich Airport,EU,DE,Munich,MUC,48.353802,11.7861
Nuremberg Airport,EU,DE,Nuremberg,NUE,49.498699,11.078056
Leipzig/Halle Airport,EU,DE,Leipzig,LEJ,51.423889,12.236389
Stuttgart Airport,EU,DE,Stuttgart,STR,48.689899444599995,9.22196006775
Hannover Airport,EU,DE,Hannover,HAJ,52.461102,9.68508
Lennart Meri Tallinn Airport,EU,EE,Tallinn,TLL,59.41329956049999,24.832799911499997
Helsinki Vantaa Airport,EU,FI,Helsinki,HEL,60.3172,24.963301
Belfast International Airport,EU,GB,Belfast,BFS,54.6575012207,-6.2158298492399995
Birmingham International Airport,EU,GB,Birmingham,BHX,52.453899383499994,-1.74802994728
Manchester Airport,EU,GB,Manchester,MAN,53.349375,-2.279521
London Luton Airport,EU,GB,London,LTN,51.874698638916016,-0.36833301186561584
London Gatwick Airport,EU,GB,London,LGW,51.148102,-0.190278
London Heathrow Airport,EU,GB,London,LHR,51.4706,-0.461941
Glasgow International Airport,EU,GB,Paisley,GLA,55.871899,-4.43306
Edinburgh Airport,EU,GB,Edinburgh,EDI,55.950145,-3.372288
London Stansted Airport,EU,GB,London,STN,51.8849983215,0.234999999404
Amsterdam Airport Schiphol,EU,NL,Amsterdam,AMS,52.308601,4.76389
Eindhoven Airport,EU,NL,Eindhoven,EIN,51.4500999451,5.37452983856
Ezhou Huahu Airport,AS,CN,Ezhou,EHU,30.341178,115.03926
Dublin Airport,EU,IE,Dublin,DUB,53.428713,-6.262121
Shannon Airport,EU,IE,Shannon,SNN,52.702,-8.92482
Billund Airport,EU,DK,Billund,BLL,55.7402992249,9.15178012848
Copenhagen Kastrup Airport,EU,DK,Copenhagen,CPH,55.617900848389,12.656000137329
Luxembourg-Findel International Airport,EU,LU,Luxembourg,LUX,49.6233333,6.2044444
Bergen Airport,170,EU,NO-46,BGO,60.2934,5.21814
Oslo Airport,681,EU,NO-30,OSL,60.193901,11.1004
Tromsø Airport,31,EU,NO-54,TOS,69.683296,18.9189
Trondheim Airport,56,EU,NO-50,TRD,63.457802,10.924
Stavanger Airport,29,EU,NO-11,SVG,58.876701,5.63778
Gdańsk Lech Wałęsa Airport,EU,PL,Gdańsk,GDN,54.377601623535156,18.46619987487793
Kraków John Paul II International Airport,EU,PL,Kraków,KRK,50.077702,19.7848
Warsaw Chopin Airport,EU,PL,Warsaw,WAW,52.1656990051,20.967100143399996
Gothenburg-Landvetter Airport,EU,SE,Gothenburg,GOT,57.662799835205,12.279800415039
Stockholm-Arlanda Airport,EU,SE,Stockholm,ARN,59.651901245117,17.918600082397
Riga International Airport,EU,LV,Riga,RIX,56.923599,23.9711
Vilnius International Airport,EU,LT,Vilnius,VNO,54.634102,25.285801
Cape Town International Airport,AF,ZA,Cape Town,CPT,-33.9648017883,18.6016998291
King Shaka International Airport,AF,ZA,Durban,DUR,-29.6144444444,31.1197222222
OR Tambo International Airport,AF,ZA,Johannesburg,JNB,-26.1392,28.246
Sir Seretse Khama International Airport,AF,BW,Gaborone,GBE,-24.555201,25.9182
King Mswati III International Airport,AF,SZ,Mpaka,SHO,-26.358611,31.716944
Sir Seewoosagur Ramgoolam International Airport,AF,MU,Plaine Magnien,MRU,-20.430201,57.683601
Kenneth Kaunda International Airport,AF,ZM,Lusaka,LUN,-15.330833,28.452722
Roland Garros Airport,AF,RE,Sainte-Marie,RUN,-20.890087,55.518894
Ivato Airport,AF,MG,Antananarivo,TNR,-18.7969,47.478802
Quatro de Fevereiro International Airport,AF,AO,Luanda,LAD,-8.85837,13.2312
Maputo Airport,AF,MZ,Maputo,MPM,-25.920799,32.572601
Seychelles International Airport,AF,SC,Mahe Island,SEZ,-4.67434,55.521801
N'Djamena International Airport,AF,TD,N'Djamena,NDJ,12.1337,15.034
Robert Gabriel Mugabe International Airport,AF,ZW,Harare,HRE,-17.931801,31.0928
Hosea Kutako International Airport,AF,NA,Windhoek,WDH,-22.4799,17.4709
Ndjili International Airport,AF,CD,Kinshasa,FIH,-4.38575,15.4446
Modibo Keita International Airport,AF,ML,Bamako,BKO,12.5335,-7.94994
Banjul International Airport,AF,GM,Banjul,BJL,13.338,-16.652201
Fuerteventura Airport,AF,ES,El Matorral,FUE,28.4527,-13.8638
Gran Canaria Airport,AF,ES,Gran Canaria Island,LPA,27.9319,-15.3866
César Manrique-Lanzarote Airport,AF,ES,San Bartolomé,ACE,28.945499,-13.6052
Tenerife Sur Airport,AF,ES,Tenerife,TFS,28.0445,-16.5725
Lungi International Airport,AF,SL,Freetown (Lungi-Town),FNA,8.61644,-13.1955
Roberts International Airport,AF,LR,Monrovia,ROB,6.23379,-10.3623
Mohammed V International Airport,AF,MA,Casablanca,CMN,33.36750030517578,-7.589970111846924
Blaise Diagne International Airport,AF,SN,Dakar,DSS,14.67,-17.073333
Nouakchott–Oumtounsy International Airport,AF,MR,Nouakchott,NKC,18.31,-15.9697222
Amílcar Cabral International Airport,AF,CV,Espargos,SID,16.7414,-22.9494
Addis Ababa Bole International Airport,AF,ET,Addis Ababa,ADD,8.97789,38.799301
Djibouti-Ambouli Airport,AF,DJ,Djibouti City,JIB,11.5473,43.1595
Cairo International Airport,AF,EG,Cairo,CAI,30.111534,31.396694
Hurghada International Airport,AF,EG,Hurghada,HRG,27.176776,33.796692
Sharm El Sheikh International Airport,AF,EG,Sharm El Sheikh,SSH,27.977272,34.394717
Juba International Airport,AF,SS,Juba,JUB,4.87201,31.601101
Jomo Kenyatta International Airport,AF,KE,Nairobi,NBO,-1.31923997402,36.9277992249
Moi International Airport,AF,KE,Mombasa,MBA,-4.03483,39.5942
Mitiga International Airport,AF,LY,Tripoli,MJI,32.89177,13.287878
Kigali International Airport,AF,RW,Kigali,KGL,-1.96863,30.1395
Khartoum International Airport,AF,SD,Khartoum,KRT,15.5895,32.5532
Julius Nyerere International Airport,AF,TZ,Dar es Salaam,DAR,-6.87811,39.202599
Abeid Amani Karume International Airport,AF,TZ,Zanzibar,ZNZ,-6.22202,39.224899
Entebbe International Airport,AF,UG,Kampala,EBB,0.042386,32.443501
Joint Base Andrews,NA,US,Camp Springs,ADW,38.810799,-76.866997
Hartsfield Jackson Atlanta International Airport,NA,US,Atlanta,ATL,33.6367,-84.428101
Austin Bergstrom International Airport,NA,US,Austin,AUS,30.197535,-97.662015
Nashville International Airport,NA,US,Nashville,BNA,36.1245002746582,-86.6781997680664
Logan International Airport,NA,US,Boston,BOS,42.3643,-71.005203
Buffalo Niagara International Airport,NA,US,Buffalo,BUF,42.94049835,-78.73220062
Baltimore/Washington International Thurgood Marshall Airport,NA,US,Baltimore,BWI,39.1754,-76.668297
Cleveland Hopkins International Airport,NA,US,Cleveland,CLE,41.4117012024,-81.8498001099
Charlotte Douglas International Airport,NA,US,Charlotte,CLT,35.2140007019043,-80.94309997558594
John Glenn Columbus International Airport,NA,US,Columbus,CMH,39.998001,-82.891899
Cincinnati Northern Kentucky International Airport,NA,US,Cincinnati / Covington,CVG,39.048801,-84.667801
Ronald Reagan Washington National Airport,NA,US,Washington,DCA,38.8521,-77.037697
Denver International Airport,NA,US,Denver,DEN,39.861698150635,-104.672996521
Dallas Fort Worth International Airport,NA,US,Dallas-Fort Worth,DFW,32.896801,-97.038002
Detroit Metropolitan Wayne County Airport,NA,US,Detroit,DTW,42.212398529052734,-83.35340118408203
Newark Liberty International Airport,NA,US,Newark,EWR,40.692501,-74.168701
Fort Lauderdale Hollywood International Airport,NA,US,Fort Lauderdale,FLL,26.072599,-80.152702
Washington Dulles International Airport,NA,US,Dulles,IAD,38.9445,-77.455803
George Bush Intercontinental Houston Airport,NA,US,Houston,IAH,29.984399795532227,-95.34140014648438
Indianapolis International Airport,NA,US,Indianapolis,IND,39.7173,-86.294403
Jacksonville International Airport,NA,US,Jacksonville,JAX,30.49410057067871,-81.68789672851562
John F Kennedy International Airport,NA,US,New York,JFK,40.639447,-73.779317
Harry Reid International Airport,NA,US,Las Vegas,LAS,36.083361,-115.151817
Los Angeles / Tom Bradley International Airport,NA,US,Los Angeles,LAX,33.942501,-118.407997
La Guardia Airport,NA,US,New York,LGA,40.777199,-73.872597
Kansas City International Airport,NA,US,Kansas City,MCI,39.2976,-94.713898
Orlando International Airport,NA,US,Orlando,MCO,28.429399490356445,-81.30899810791016
Chicago Midway International Airport,NA,US,Chicago,MDW,41.785999,-87.752403
Memphis International Airport,NA,US,Memphis,MEM,35.04240036010742,-89.97669982910156
Miami International Airport,NA,US,Miami,MIA,25.79319953918457,-80.29060363769531
General Mitchell International Airport,NA,US,Milwaukee,MKE,42.947200775146484,-87.89659881591797
Minneapolis–Saint Paul International Airport / Wold–Chamberlain Field,NA,US,Minneapolis,MSP,44.882,-93.221802
Louis Armstrong New Orleans International Airport,NA,US,New Orleans,MSY,29.99340057373047,-90.25800323486328
Metropolitan Oakland International Airport,NA,US,Oakland,OAK,37.721298,-122.221001
Eppley Airfield,NA,US,Omaha,OMA,41.3032,-95.894096
Ontario International Airport,NA,US,Ontario,ONT,34.055999755859375,-117.60099792480469
Chicago O'Hare International Airport,NA,US,Chicago,ORD,41.9786,-87.9048
Palm Beach International Airport,NA,US,West Palm Beach,PBI,26.68320083618164,-80.09559631347656
Portland International Airport,NA,US,Portland,PDX,45.58869934,-122.5979996
Philadelphia International Airport,NA,US,Philadelphia,PHL,39.87189865112305,-75.24109649658203
Phoenix Sky Harbor International Airport,NA,US,Phoenix,PHX,33.435302,-112.005905
Pittsburgh International Airport,NA,US,Pittsburgh,PIT,40.49150085,-80.23290253
Theodore Francis Green State Airport,NA,US,Warwick,PVD,41.725038,-71.425668
Portland International Jetport,NA,US,Portland,PWM,43.646198,-70.309303
Raleigh Durham International Airport,NA,US,Raleigh/Durham,RDU,35.877602,-78.787498
Richmond International Airport,NA,US,Richmond,RIC,37.50519943237305,-77.3197021484375
Reno Tahoe International Airport,NA,US,Reno,RNO,39.49909973144531,-119.76799774169922
Southwest Florida International Airport,NA,US,Fort Myers,RSW,26.53619956970215,-81.75520324707031
San Diego International Airport,NA,US,San Diego,SAN,32.7336006165,-117.190002441
San Antonio International Airport,NA,US,San Antonio,SAT,29.533701,-98.469803
Savannah Hilton Head International Airport,NA,US,Savannah,SAV,32.12760162,-81.20210266
Louisville Muhammad Ali International Airport,NA,US,Louisville,SDF,38.1744,-85.736
Seattle–Tacoma International Airport,NA,US,Seattle,SEA,47.449162,-122.311134
Orlando Sanford International Airport,NA,US,Orlando,SFB,28.777599334716797,-81.23750305175781
San Francisco International Airport,NA,US,San Francisco,SFO,37.61899948120117,-122.375
Norman Y. Mineta San Jose International Airport,NA,US,San Jose,SJC,37.362452,-121.929188
Salt Lake City International Airport,NA,US,Salt Lake City,SLC,40.785749,-111.979746
Sacramento International Airport,NA,US,Sacramento,SMF,38.69540023803711,-121.59100341796875
John Wayne Orange County International Airport,NA,US,Santa Ana,SNA,33.675701,-117.867996
St Louis Lambert International Airport,NA,US,St Louis,STL,38.748697,-90.370003
Syracuse Hancock International Airport,NA,US,Syracuse,SYR,43.11119842529297,-76.1063003540039
Tampa International Airport,NA,US,Tampa,TPA,27.975500106811523,-82.533203125
Tulsa International Airport,NA,US,Tulsa,TUL,36.19839859008789,-95.88809967041016
Tirana International Airport Mother Teresa,EU,AL,Tirana,TIA,41.4146995544,19.7206001282
Burgas Airport,EU,BG,Burgas,BOJ,42.56959915161133,27.515199661254883
Sofia Airport,EU,BG,Sofia,SOF,42.696693420410156,23.411436080932617
Varna Airport,EU,BG,Varna,VAR,43.232101,27.8251
Larnaca International Airport,AS,CY,Larnaca,LCA,34.875099,33.624901
Zagreb Airport,EU,HR,Zagreb,ZAG,45.7429008484,16.0687999725
Alicante-Elche Miguel Hernández Airport,EU,ES,Alicante,ALC,38.2822,-0.558156
Josep Tarradellas Barcelona-El Prat Airport,EU,ES,Barcelona,BCN,41.2971,2.07846
Ibiza Airport,EU,ES,Ibiza (Eivissa),IBZ,38.872898,1.37312
Adolfo Suárez Madrid–Barajas Airport,EU,ES,Madrid,MAD,40.471926,-3.56264
Málaga-Costa del Sol Airport,EU,ES,Málaga,AGP,36.6749,-4.49911
Palma de Mallorca Airport,EU,ES,Palma de Mallorca,PMI,39.551701,2.73881
Santiago-Rosalía de Castro Airport,EU,ES,Santiago de Compostela,SCQ,42.896301,-8.41514
Bordeaux-Mérignac Airport,EU,FR,Bordeaux/Mérignac,BOD,44.8283,-0.715556
Toulouse-Blagnac Airport,EU,FR,Toulouse/Blagnac,TLS,43.629101,1.36382
Lyon Saint-Exupéry Airport,EU,FR,Lyon,LYS,45.725556,5.081111
Marseille Provence Airport,EU,FR,Marseille,MRS,43.439271922,5.22142410278
Nice-Côte d'Azur Airport,EU,FR,Nice,NCE,43.658401,7.21587
Charles de Gaulle International Airport,EU,FR,Paris,CDG,49.012798,2.55
Paris-Orly Airport,EU,FR,Paris,ORY,48.72333,2.37944
EuroAirport Basel-Mulhouse-Freiburg Airport,EU,FR,Bâle/Mulhouse,BSL,47.59,7.529167
Athens Eleftherios Venizelos International Airport,EU,GR,Athens,ATH,37.936401,23.9445
Heraklion International Nikos Kazantzakis Airport,EU,GR,Heraklion,HER,35.3396987915,25.180299758900002
Thessaloniki Macedonia International Airport,EU,GR,Thessaloniki,SKG,40.51969909667969,22.97089958190918
Budapest Liszt Ferenc International Airport,EU,HU,Budapest,BUD,47.42976,19.261093
Bari Karol Wojtyła Airport,EU,IT,Bari,BRI,41.138901,16.760599
Brindisi Airport,EU,IT,Brindisi,BDS,40.6576,17.947001
Catania-Fontanarossa Airport,EU,IT,Catania,CTA,37.466801,15.0664
Falcone–Borsellino Airport,EU,IT,Palermo,PMO,38.175999,13.091
Cagliari Elmas Airport,EU,IT,Cagliari,CAG,39.251499,9.05428
Malpensa International Airport,EU,IT,Milan,MXP,45.6306,8.72811
Milan Bergamo Airport,EU,IT,Milan,BGY,45.673901,9.70417
Turin Airport,EU,IT,Torino,TRN,45.200802,7.64963
Bologna Guglielmo Marconi Airport,EU,IT,Bologna,BLQ,44.5354,11.2887
Verona-Villafranca Valerio Catullo Airport,EU,IT,Villafranca di Verona,VRN,45.394955,10.887303
Venice Marco Polo Airport,EU,IT,Venice,VCE,45.505299,12.3519
Rome–Fiumicino Leonardo da Vinci International Airport,EU,IT,Rome,FCO,41.804532,12.251998
Naples International Airport,EU,IT,Napoli,NAP,40.886002,14.2908
Pisa International Airport,EU,IT,Pisa,PSA,43.683899,10.3927
Ljubljana Jože Pučnik Airport,EU,SI,Ljubljana,LJU,46.223701,14.4576
Václav Havel Airport Prague,EU,CZ,Prague,PRG,50.1008,14.26
Ben Gurion International Airport,AS,IL,Tel Aviv,TLV,32.01139831542969,34.88669967651367
Ramon International Airport,AS,IL,Eilat,ETM,29.727009,35.014116
Malta International Airport,EU,MT,Valletta,MLA,35.857498,14.4775
Vienna International Airport,EU,AT,Vienna,VIE,48.110298,16.5697
Faro Airport,EU,PT,Faro,FAO,37.0144004822,-7.96590995789
João Paulo II Airport,EU,PT,Ponta Delgada,PDL,37.7411994934,-25.6979007721
Francisco de Sá Carneiro Airport,EU,PT,Porto,OPO,41.2481002808,-8.68138980865
Humberto Delgado Airport (Lisbon Portela Airport),EU,PT,Lisbon,LIS,38.7813,-9.13592
Henri Coandă International Airport,EU,RO,Bucharest,OTP,44.571111,26.085
Geneva Cointrin International Airport,EU,CH,Geneva,GVA,46.23809814453125,6.108950138092041
Zürich Airport,EU,CH,Zurich,ZRH,47.458056,8.548056
Esenboğa International Airport,AS,TR,Ankara,ESB,40.128101348899996,32.995098114
Antalya International Airport,AS,TR,Antalya,AYT,36.898701,30.800501
İstanbul Atatürk Airport,EU,TR,Bakırköy,ISL,40.971913,28.823714
Adnan Menderes International Airport,AS,TR,İzmir,ADB,38.2924,27.157
Dalaman International Airport,AS,TR,Dalaman,DLM,36.7131004333,28.7924995422
Milas Bodrum International Airport,AS,TR,Bodrum,BJV,37.25059890749999,27.6643009186
Istanbul Sabiha Gökçen International Airport,AS,TR,Pendik,SAW,40.898602,29.3092
İstanbul Airport,EU,TR,Arnavutköy,IST,41.261297,28.741951
Skopje International Airport,EU,MK,Skopje,SKP,41.961601,21.621401
Belgrade Nikola Tesla Airport,EU,RS,Belgrade,BEG,44.818401,20.309099
Podgorica Airport / Podgorica Golubovci Airbase,EU,ME,Podgorica,TGD,42.359402,19.2519
M. R. Štefánik Airport,EU,SK,Bratislava,BTS,48.17020034790039,17.21269989013672
Providenciales International Airport,NA,TC,Providenciales,PLS,21.773697,-72.268321
Punta Cana International Airport,NA,DO,Punta Cana,PUJ,18.567399978599997,-68.36340332030001
Las Américas International Airport,NA,DO,Santo Domingo,SDQ,18.42970085144,-69.668899536133
La Aurora Airport,NA,GT,Guatemala City,GUA,14.5833,-90.527496
Norman Manley International Airport,NA,JM,Kingston,KIN,17.935699462890625,-76.7874984741211
Aeropuerto Internacional Juan N. Álvarez,NA,MX,Ciudad de Acapulco,ACA,16.762118,-99.755473
Aeropuerto Internacional de Cozumel,NA,MX,Ciudad de Cozumel,CZM,20.511425,-86.930287
Aeropuerto Internacional Gral,6104,NA,MX-DUR,DGO,24.125908,-104.533904
Aeropuerto Internacional Miguel Hidalgo,NA,MX,Ciudad de Tlajomulco de Zúñiga,GDL,20.52504,-103.301557
General Ignacio P. Garcia International Airport,NA,MX,Hermosillo,HMO,29.095899581900003,-111.047996521
Aeropuerto Internacional Del Bajío,NA,MX,Ciudad de Silao,BJX,20.985813,-101.478825
Aeropuerto Internacional Manuel Crescencio Rejón,NA,MX,Ciudad de Mérida,MID,20.933384,-89.662621
Aeropuerto Internacional Lic. Benito Juárez,NA,MX,Ciudad de México,MEX,19.435433,-99.082432
Aeropuerto Internacional Gral. Mariano Escobedo,NA,MX,Ciudad de Apodaca,MTY,25.778561,-100.113602
Aeropuerto Internacional Gral. Rafael Buelna,NA,MX,Ciudad de Mazatlàn,MZT,23.166689,-106.270151
Aeropuerto Internacional Lic. Gustavo Díaz Ordaz,NA,MX,Ciudad de Puerto Vallarta,PVR,20.679746,-105.246685
Aeropuerto Internacional de Los Cabos,NA,MX,Ciudad de San José del Cabo,SJD,23.15642,-109.716811
General Felipe Ángeles International Airport,NA,MX,Mexico City,NLU,19.7458,-99.0145
Aeropuerto Internacional Gral. Abelardo Rodriguez,NA,MX,Ciudad de Tijuana,TIJ,32.545963,-116.975856
Aeropuerto Internacional Adolfo López Mateos,NA,MX,Ciudad de Toluca,TLC,19.338196,-99.570358
Aeropuerto Internacional de Cancún,NA,MX,Ciudad de Cancún,CUN,21.039444,-86.874304
Tocumen International Airport,NA,PA,Tocumen,PTY,9.0713596344,-79.3834991455
Guanacaste Airport,NA,CR,Liberia,LIR,10.5933,-85.544403
Monseñor Óscar Arnulfo Romero International Airport,NA,SV,San Salvador (San Luis Talpa),SAL,13.4409,-89.055702
Toussaint Louverture International Airport,NA,HT,Port-au-Prince,PAP,18.58,-72.292503
José Martí International Airport,NA,CU,Havana,HAV,22.989200592041016,-82.40910339355469
Juan Gualberto Gomez International Airport,NA,CU,Matanzas,VRA,23.034401,-81.435303
Owen Roberts International Airport,NA,KY,George Town,GCM,19.292801,-81.357697
Lynden Pindling International Airport,NA,BS,Nassau,NAS,25.039,-77.466202
Philip S. W. Goldson International Airport,NA,BZ,Belize City,BZE,17.539951,-88.303556
Faa'a International Airport,OC,PF,Papeete,PPT,-17.553699,-149.606995
Bauerfield International Airport,OC,VU,Port Vila,VLI,-17.699301,168.320007
Nouméa Magenta Airport,OC,NC,Nouméa,GEA,-22.258301,166.473007
Auckland International Airport,OC,NZ,Auckland,AKL,-37.01199,174.786331
Christchurch International Airport,OC,NZ,Christchurch,CHC,-43.48939895629883,172.53199768066406
Wellington International Airport,OC,NZ,Wellington,WLG,-41.3272018433,174.804992676
Bahrain International Airport,AS,BH,Manama,BAH,26.267295,50.63764
King Fahd International Airport,AS,SA,Ad Dammam,DMM,26.471200942993164,49.79790115356445
King Abdulaziz Air Base,AS,SA,Dhahran,DHA,26.2654,50.152
King Abdulaziz International Airport,AS,SA,Jeddah,JED,21.6796,39.156502
Prince Mohammad Bin Abdulaziz Airport,AS,SA,Medina,MED,24.5534,39.705101
King Khaled International Airport,AS,SA,Riyadh,RUH,24.957599639892578,46.69879913330078
Imam Khomeini International Airport,AS,IR,Tehran,IKA,35.416099548339844,51.152198791503906
Mehrabad International Airport,AS,IR,Tehran,THR,35.68920135498047,51.31340026855469
Mashhad International Airport,AS,IR,Mashhad,MHD,36.235198974609375,59.64099884033203
Shiraz Shahid Dastghaib International Airport,AS,IR,Shiraz,SYZ,29.5392,52.589802
Queen Alia International Airport,AS,JO,Amman,AMM,31.7226009369,35.9931983948
Kuwait International Airport,AS,KW,Kuwait City,KWI,29.226601,47.968899
Beirut Rafic Hariri International Airport,AS,LB,Beirut,BEY,33.820899963378906,35.488399505615234
Duqm International Airport,AS,OM,Duqm,DQM,19.501944,57.634167
Abu Dhabi International Airport,AS,AE,Abu Dhabi,AUH,24.443764,54.651718
Dubai International Airport,AS,AE,Dubai,DXB,25.2527999878,55.3643989563
Al Maktoum International Airport,AS,AE,Jebel Ali,DWC,24.896356,55.161389
Sharjah International Airport,AS,AE,Sharjah,SHJ,25.32859992980957,55.5172004699707
Muscat International Airport,AS,OM,Muscat,MCT,23.593299865722656,58.284400939941406
Islamabad International Airport,AS,PK,Attock,ISB,33.549,72.82566
Jinnah International Airport,AS,PK,Karachi,KHI,24.9065,67.160797
Allama Iqbal International Airport,AS,PK,Lahore,LHE,31.521601,74.403603
Baghdad International Airport / New Al Muthana Air Base,AS,IQ,Baghdad,BGW,33.262501,44.2346
Damascus International Airport,AS,SY,Damascus,DAM,33.4114990234375,36.51559829711914
Hamad International Airport,AS,QA,Doha,DOH,25.273056,51.608056
Fairbanks International Airport,NA,US,Fairbanks,FAI,64.81510162,-147.8560028
Ted Stevens Anchorage International Airport,NA,US,Anchorage,ANC,61.1744,-149.996002
Antonio B. Won Pat International Airport,OC,GU,Hagåtña,GUM,13.4834,144.796005
Daniel K Inouye International Airport,OC,US,Honolulu,HNL,21.32062,-157.924228
Kaohsiung International Airport,AS,TW,Kaohsiung (Xiaogang),KHH,22.577101,120.349998
Taiwan Taoyuan International Airport,AS,TW,Taoyuan (Dayuan),TPE,25.0777,121.233002
Narita International Airport,AS,JP,Narita,NRT,35.764702,140.386002
Kansai International Airport,AS,JP,Osaka,KIX,34.427299,135.244003
New Chitose Airport,AS,JP,Sapporo,CTS,42.7752,141.692001
Fukuoka Airport,AS,JP,Fukuoka,FUK,33.585899353027344,130.4510040283203
Kagoshima Airport,AS,JP,Kagoshima,KOJ,31.80340003967285,130.718994140625
Chubu Centrair International Airport,AS,JP,Tokoname,NGO,34.8583984375,136.80499267578125
Osaka International Airport,AS,JP,Osaka,ITM,34.785499572753906,135.43800354003906
Sendai Airport,AS,JP,Natori,SDJ,38.139702,140.917007
Tokyo Haneda International Airport,AS,JP,Tokyo,HND,35.552299,139.779999
Yokota Air Base,AS,JP,Fussa,OKO,35.748501,139.348007
Muan International Airport,AS,KR,Piseo-ri (Muan),MWX,34.991406,126.382814
Jeju International Airport,AS,KR,Jeju City,CJU,33.512058,126.492548
Gimhae International Airport,AS,KR,Busan,PUS,35.179501,128.938004
Incheon International Airport,AS,KR,Seoul,ICN,37.46910095214844,126.45099639892578
Gimpo International Airport,AS,KR,Seoul,GMP,37.5583,126.791
Naha Airport / JASDF Naha Air Base,AS,JP,Naha,OKA,26.195801,127.646004
Kadena Air Base,AS,JP,,DNA,26.351667,127.769444
Ninoy Aquino International Airport,AS,PH,Manila,MNL,14.5086,121.019997
Francisco Bangoy International Airport,AS,PH,Davao,DVO,7.12552,125.646004
Mactan Cebu International Airport,AS,PH,Lapu-Lapu City,CEB,10.309261,123.97974
Jorge Newbery Airpark,SA,AR,Buenos Aires,AEP,-34.5592,-58.4156
Minister Pistarini International Airport,SA,AR,Buenos Aires (Ezeiza),EZE,-34.8222,-58.5358
Val de Cans/Júlio Cezar Ribeiro International Airport,SA,BR,Belém,BEL,-1.379279,-48.476207
Presidente Juscelino Kubitschek International Airport,SA,BR,Brasília,BSB,-15.869167,-47.920834
Tancredo Neves International Airport,SA,BR,Belo Horizonte,CNF,-19.63571,-43.966928
Eduardo Gomes International Airport,SA,BR,Manaus,MAO,-3.03861,-60.049702
Hercílio Luz International Airport,SA,BR,Florianópolis,FLN,-27.670279,-48.552502
Rio Galeão – Tom Jobim International Airport,SA,BR,Rio De Janeiro,GIG,-22.809999,-43.250557
Guarulhos - Governador André Franco Montoro International Airport,SA,BR,São Paulo,GRU,-23.431944,-46.467778
Deputado Luiz Eduardo Magalhães International Airport,SA,BR,Salvador,SSA,-12.908611,-38.322498
Comodoro Arturo Merino Benítez International Airport,SA,CL,Santiago,SCL,-33.393001556396484,-70.78579711914062
José Joaquín de Olmedo International Airport,SA,EC,Guayaquil,GYE,-2.15742,-79.883598
Mariscal Sucre International Airport,SA,EC,Quito,UIO,-0.125399,-78.354306
Aeropuerto Internacional Silvio Pettirossi,SA,PY,Luque,ASU,-25.241736,-57.514104
Aeropuerto Internacional Guaraní,SA,PY,Ciudad del Este,AGT,-25.457186,-54.839544
Aeropuerto Internacional Dr. Luis Maria Argaña,SA,PY,Mariscal Estigarribia,ESG,-22.032463,-60.620284
Aeropuerto Internacional Dr. Augusto Roberto Fuster,SA,PY,Pedro Juan Caballero,PJC,-22.640946,-55.832005
El Dorado International Airport,SA,CO,Bogota,BOG,4.70159,-74.1469
Viru Viru International Airport,SA,BO,Santa Cruz,VVI,-17.6448,-63.135399
Johan Adolf Pengel International Airport,SA,SR,Zandery,PBM,5.45283,-55.187801
Cayenne – Félix Eboué Airport,SA,GF,Matoury,CAY,4.819964,-52.361326
Jorge Chávez International Airport,SA,PE,Lima,LIM,-12.0219,-77.114305
Alejandro Velasco Astete International Airport,SA,PE,Cusco,CUZ,-13.535699844400002,-71.9387969971
Carrasco General Cesáreo L. Berisso International Airport,SA,UY,Ciudad de la Costa,MVD,-34.835647,-56.026497
General José Antonio Anzoategui International Airport,SA,VE,Barcelona,BLA,10.111111,-64.692222
Simón Bolívar International Airport,SA,VE,Caracas,CCS,10.601194,-66.991222
Qingdao Jiaodong International Airport,AS,CN,Jiaozhou,TAO,36.361953,120.088171
Martinique Aimé Césaire International Airport,NA,MQ,Fort-de-France,FDF,14.591,-61.003201
Pointe-à-Pitre Le Raizet International  Airport,NA,GP,Pointe-à-Pitre,PTP,16.265301,-61.531799
Luis Munoz Marin International Airport,NA,PR,San Juan,SJU,18.4393997192,-66.0018005371
Hewanorra International Airport,NA,LC,Vieux Fort,UVF,13.7332,-60.952599
Queen Beatrix International Airport,NA,AW,Oranjestad,AUA,12.5014,-70.015198
Flamingo International Airport,NA,BQ,Kralendijk,BON,12.131,-68.268501
Hato International Airport,NA,CW,Willemstad,CUR,12.1889,-68.959801
Princess Juliana International Airport,NA,SX,Saint Martin,SXM,18.041,-63.108898
Almaty International Airport,AS,KZ,Almaty,ALA,43.354267,77.042828
Nursultan Nazarbayev International Airport,AS,KZ,Nur-Sultan,NQZ,51.022202,71.466904
Manas International Airport,AS,KG,Bishkek,FRU,43.0612983704,74.4776000977
Hazrat Sultan International Airport,AS,KZ,,HSA,43.313126,68.549881
Heydar Aliyev International Airport,AS,AZ,Baku,GYD,40.467498779296875,50.04669952392578
Zvartnots International Airport,AS,AM,Yerevan,EVN,40.1473007202,44.3959007263
Tbilisi International Airport,AS,GE,Tbilisi,TBS,41.6692008972,44.95470047
Vladivostok International Airport,EU,RU,Artyom,VVO,43.396256,132.148155
Boryspil International Airport,EU,UA,Boryspil,KBP,50.345001,30.894699
Lviv International Airport,EU,UA,Lviv,LWO,49.8125,23.9561
Pulkovo Airport,EU,RU,St. Petersburg,LED,59.80030059814453,30.262500762939453
Minsk National Airport,EU,BY,Minsk,MSQ,53.888071,28.039964
Krasnoyarsk International Airport,EU,RU,Krasnoyarsk,KJA,56.173077,92.492437
Novosibirsk Tolmachevo Airport,EU,RU,Novosibirsk,OVB,55.019756,82.618675
Platov International Airport,EU,RU,Rostov-on-Don,ROV,47.493888,39.924722
Sochi International Airport,EU,RU,Sochi,AER,43.449902,39.9566
Koltsovo Airport,AS,RU,Yekaterinburg,SVX,56.743099212646,60.802700042725
Ashgabat International Airport,AS,TM,Ashgabat,ASB,37.986801,58.361
Tashkent International Airport,AS,UZ,Tashkent,TAS,41.257900238,69.2811965942
Zhukovsky International Airport,EU,RU,Moscow,ZIA,55.553299,38.150002
Domodedovo International Airport,EU,RU,Moscow,DME,55.40879821777344,37.90629959106445
Sheremetyevo International Airport,EU,RU,Moscow,SVO,55.972599,37.4146
Vnukovo International Airport,EU,RU,Moscow,VKO,55.5914993286,37.2615013123
Kazan International Airport,EU,RU,Kazan,KZN,55.606201171875,49.278701782227
Gagarin International Airport,EU,RU,Saratov,GSV,51.712778,46.171111
Ufa International Airport,EU,RU,Ufa,UFA,54.557498931885,55.874401092529
Kurumoch International Airport,EU,RU,Samara,KUF,53.504901885986,50.16429901123
Chhatrapati Shivaji International Airport,AS,IN,Mumbai,BOM,19.0886993408,72.8678970337
Dabolim Airport,AS,IN,Vasco da Gama,GOI,15.3808,73.831398
Bandaranaike International Colombo Airport,AS,LK,Colombo,CMB,7.180759906768799,79.88410186767578
Mattala Rajapaksa International Airport,AS,LK,,HRI,6.284467,81.124128
Phnom Penh International Airport,AS,KH,Phnom Penh (Pou Senchey),PNH,11.5466,104.844002
Siem Reap International Airport,AS,KH,Siem Reap,REP,13.41155,103.813044
Netaji Subhash Chandra Bose International Airport,AS,IN,Kolkata,CCU,22.654699325561523,88.44670104980469
Hazrat Shahjalal International Airport,AS,BD,Dhaka,DAC,23.843347,90.397783
Hong Kong International Airport,AS,HK,Islands,HKG,22.308901,113.915001
Indira Gandhi International Airport,AS,IN,New Delhi,DEL,28.55563,77.09519
Macau International Airport,AS,MO,Nossa Senhora do Carmo,MFM,22.149599,113.592003
Tribhuvan International Airport,AS,NP,Kathmandu,KTM,27.6966,85.3591
Kempegowda International Airport,AS,IN,Bangalore,BLR,13.1979,77.706299
Cochin International Airport,AS,IN,Kochi,COK,10.152,76.401901
Rajiv Gandhi International Airport,AS,IN,Hyderabad,HYD,17.231318,78.429855
Chennai International Airport,AS,IN,Chennai,MAA,12.990005,80.169296
Thiruvananthapuram International Airport,AS,IN,Thiruvananthapuram,TRV,8.48212,76.920097
Malé International Airport,AS,MV,Malé,MLE,4.191830158233643,73.52909851074219
Don Mueang International Airport,AS,TH,Bangkok,DMK,13.9125995636,100.607002258
Suvarnabhumi Airport,AS,TH,Bangkok,BKK,13.681099891662598,100.74700164794922
Chiang Mai International Airport,AS,TH,Chiang Mai,CNX,18.766799926799997,98.962600708
Phuket International Airport,AS,TH,Phuket,HKT,8.1132,98.316902
Noi Bai International Airport,AS,VN,Hanoi (Soc Son),HAN,21.221201,105.806999
Tan Son Nhat International Airport,AS,VN,Ho Chi Minh City,SGN,10.8188,106.652
Mandalay International Airport,AS,MM,Mandalay,MDL,21.702199935913086,95.97789764404297
Yangon International Airport,AS,MM,Yangon,RGN,16.907300949099998,96.1332015991
Hasanuddin International Airport,AS,ID,Ujung Pandang,UPG,-5.06163,119.554001
Ngurah Rai (Bali) International Airport,AS,ID,Denpasar,DPS,-8.74817,115.167
Dortheys Hiyo Eluay International Airport,AS,ID,Sentani,DJJ,-2.579627,140.519857
Sultan Aji Muhammad Sulaiman Sepinggan International Airport,AS,ID,Balikpapan,BPN,-1.268342,116.89452
Juanda International Airport,AS,ID,Surabaya,SUB,-7.37983,112.787003
Brunei International Airport,AS,BN,Bandar Seri Begawan,BWN,4.9442,114.928001
Soekarno-Hatta International Airport,AS,ID,Jakarta,CGK,-6.1255698204,106.65599823
Kualanamu International Airport,AS,ID,Medan,KNO,3.637847,98.870566
Kuala Lumpur International Airport,AS,MY,Sepang,KUL,2.74558,101.709999
Singapore Changi Airport,AS,SG,Singapore,SIN,1.35019,103.994003
Brisbane International Airport,OC,AU,Brisbane,BNE,-27.384199142456055,153.11700439453125
Melbourne International Airport,OC,AU,Melbourne,MEL,-37.673302,144.843002
Yantai Penglai International Airport,AS,CN,Yantai,YNT,37.659724,120.978124
Adelaide International Airport,OC,AU,Adelaide,ADL,-34.947512,138.533393
Darwin International Airport / RAAF Darwin,OC,AU,Darwin,DRW,-12.41497,130.88185
Perth International Airport,OC,AU,Perth,PER,-31.94029998779297,115.96700286865234
Sydney Kingsford Smith International Airport,OC,AU,Sydney,SYD,-33.94609832763672,151.177001953125
Beijing Capital International Airport,AS,CN,Beijing,PEK,40.080101013183594,116.58499908447266
Beijing Daxing International Airport,AS,CN,Beijing,PKX,39.509945,116.41092
Hohhot Baita International Airport,AS,CN,Hohhot,HET,40.849658,111.824598
Tianjin Binhai International Airport,AS,CN,Tianjin,TSN,39.124401092499994,117.346000671
Taiyuan Wusu Airport,AS,CN,Taiyuan,TYN,37.746899,112.627998
Guangzhou Baiyun International Airport,AS,CN,Guangzhou (Huadu),CAN,23.392401,113.299004
Changsha Huanghua International Airport,AS,CN,Changsha (Changsha),CSX,28.189199,113.220001
Guilin Liangjiang International Airport,AS,CN,Guilin (Lingui),KWL,25.219828,110.039553
Nanning Wuxu Airport,AS,CN,Nanning (Jiangnan),NNG,22.608299,108.171997
Shenzhen Bao'an International Airport,AS,CN,Shenzhen (Bao'an),SZX,22.639299,113.810997
Zhengzhou Xinzheng International Airport,AS,CN,Zhengzhou,CGO,34.526497,113.849165
Wuhan Tianhe International Airport,AS,CN,Wuhan (Huangpi),WUH,30.774798,114.213723
Haikou Meilan International Airport,AS,CN,Haikou (Meilan),HAK,19.9349,110.459
Sanya Phoenix International Airport,AS,CN,Sanya (Tianya),SYX,18.3029,109.412003
Lanzhou Zhongchuan International Airport,AS,CN,Lanzhou (Yongdeng),LHW,36.515202,103.620003
Xi'an Xianyang International Airport,AS,CN,Xianyang (Weicheng),XIY,34.447102,108.751999
Ulaanbaatar Chinggis Khaan International Airport,AS,MN,Ulaanbaatar (Sergelen),UBN,47.646916,106.819833
Kunming Changshui International Airport,AS,CN,Kunming,KMG,25.110313,102.936743
Xiamen Gaoqi International Airport,AS,CN,Xiamen,XMN,24.54400062561035,118.12799835205078
Nanchang Changbei International Airport,AS,CN,Nanchang,KHN,28.864815,115.90271
Fuzhou Changle International Airport,AS,CN,Fuzhou,FOC,25.934669,119.66318
Hangzhou Xiaoshan International Airport,AS,CN,Hangzhou,HGH,30.23609,120.428865
Jinan Yaoqiang International Airport,AS,CN,Jinan,TNA,36.857201,117.216003
Ningbo Lishe International Airport,AS,CN,Ningbo,NGB,29.82670021057129,121.46199798583984
Nanjing Lukou International Airport,AS,CN,Nanjing,NKG,31.735032,118.865949
Shanghai Pudong International Airport,AS,CN,Shanghai (Pudong),PVG,31.1434,121.805
Shanghai Hongqiao International Airport,AS,CN,Shanghai (Minhang),SHA,31.198104,121.33426
Wenzhou Longwan International Airport,AS,CN,Wenzhou,WNZ,27.912201,120.851997
Chongqing Jiangbei International Airport,AS,CN,Chongqing,CKG,29.712254,106.651895
Guiyang Longdongbao International Airport,AS,CN,Guiyang (Nanming),KWE,26.541466,106.803331
Chengdu Tianfu International Airport,AS,CN,Chengdu (Jianyang),TFU,30.31252,104.441284
Chengdu Shuangliu International Airport,AS,CN,Chengdu (Shuangliu),CTU,30.558257,103.945966
Ürümqi Diwopu International Airport,AS,CN,Ürümqi,URC,43.907100677490234,87.47419738769531
Changchun Longjia International Airport,AS,CN,Changchun,CGQ,43.996201,125.684998
Harbin Taiping International Airport,AS,CN,Harbin,HRB,45.623402,126.25
Dalian Zhoushuizi International Airport,AS,CN,Ganjingzi,DLC,38.965698,121.539001
Shenyang Taoxian International Airport,AS,CN,Hunnan,SHE,41.639801,123.483002